iter	MultiClass
0	1.277968727
1	1.064321004
2	0.9067199271
3	0.7875248381
4	0.691314589
